year,observations,target_missing,target_missing_pct,total_vars_missing,avg_missing_per_obs
2023,175,6,3.428571428571429,1657,9.468571428571428
2024,262,10,3.816793893129771,1222,4.66412213740458
2025,88,5,5.681818181818182,450,5.113636363636363
